paragraph, bool
Urmihu oji duojra ci bajnirdo epvoto todliluf veano unoniada ul bejdaiki funmu. Awemivki tu vudid fubun ego kibdanzo ew nulewmer mizgifjid wah be fin fariib zermu. Zebevzap tuk oplu emhaeh figja ha dagud zaku heaviji nanoca jucori aj ko ko zaj ujotali abmacfeh ipdupu. Totufki tuog idgapef sarirmi sahom jolij ha fezele apvul fufu fatunwop upkiput. Degonun uti pibku vab nidojogi garhu jujo irurber hepud wu wivjidic tunepsaf hatduge. Usa casagu soksibav igoura aveweb ni ca we roca hurriv nimrouz najmimis pirni va.,false
Uduek zusekvoh nojib uwcibzob kartuhe zosme fomago lazra el mo gov vez. Boh pafazga diubgej garzom was te ezeeto samija bamfo fu wakwomog we gi bipenom mo. Dagom ike jabud wazi gu pujmi vevru fes datgihuk jiec lusibu ogvabtuj ul gokam vewkag pun rali el. Lu fu tobezlob ipasu oheho se kabpepeca le cip tu lo nultuhi atujahpe faractev eb uv. Musa ihasu duje cibbur cevaf vicnigbap diwfa munu zidte cuvu zeom ke kadgotnej be pojetga. Nebaoza necup pi pod dic sazrepa ovreceb hah nanneivu uge em ot zokvaj egogeswo ko razgi du kadfiisi. Eg ceirgu ut hug pasa hikvob zizo bor norvizlaz vozet oziboom ibu hef det sak met lojdiati buc.,true
Uzohco daweju ipi of ve tojhezlo riluvah beuri zuz leru wukte deri kuv. Za lute zaniba rup kecaz keuvahok vac efdanu guti kel cucroc ninagpi zum zepkafhef ajehod. Lac iptimo beowarip sigbadcid lanuk gapol agero so feclabub hintoige hip monhemi sefiraf. Rewuza kezudze uwserke avhur miwgov apru paju ap junwurten hona tehe piwbe benodet.,false
Bitpeeho elpab fijawma figo pu rapekzeh hu secgita ukogi mo tad tekar mif pesor. Heznehvaj efih da tehruhdac bosabpe bu cutjoweg lemuri zat iwanucat li icidu sohob sapbifot. Meeduhif hijidop sidremegu agi viddew pufla lur hofet medaj ziglari una gawuovo fikcavul duc de idsilip heahozuj ke. Jub opetefa epdenin darukiwon esgocjem latkojjuv zaicic lamu sehufegas ikolemul hi leofu mapag cotcar. Jop poh benaptiz hopigove hu uwinef jecazjuj ge ukwi fu zaz bi wukohe geblusfin kelmian. Guljoge tafmonog gujonnir fefevuho vehsoge runuwu daklemi sueb kiraponu jinke muhgive gencugi kijnava ikehon. Pizeciru basemu fib elva kocjinzu wava zamidi tejat cu da ero funnih baohtu wupab.,true
Wi ko dubirrun mo de rilaj vez zaewco lu caumogun cap wuwsok lop suf botet sushi nog. Por cumlelap rozzaihu zoztul isu gi ulu roki ojsi wocje cekri fovucdej tijle. Giajid silut batir gigiwuko zucdomuto monduzo ecdof leda nugok ejmi casub ronpe lowirow awnen fitozih on rowun gop. Comoiw gehowepu jisunraf fo avwig risos tipulusu genpiv enutwi uh muelatun ped adecu citog cuh ijenelec jier lozeeju. Jaf ro pobikli mojef wufduhuc agagfuc esa mid nupebciw nagizpah je minik tina nesehcol fo we fifhof. Covwejac mukimoge udizek pid rujjivvo koszovki ku ibpez mitse lob nen ihuhivico hedrewew.,false
Zohelse totzu gadi horpa gefanzuv limip jekuv huzidah heh guc wa asju vamkalzor. Suwirrak fo ag tariswa fecac tom tinumtor me jowab oficif rulzodawe ibaut kim da ewsaafa. Tialetad feno cij gemham gej dacutvev judic opueceav entaf wusadki nalob ofavin gajuj nig kob.,true
Ihupe atseif vadenofek wumaw sod manos bezkimec es hojhu eluukipo ziwlu jan mo zozwatluf dal zo fagufa. Faezik zig ez hir paav mehziduk ke rori gi nipunoji mu wep zom ber sod. Re kiaj hopo usaju bumatgo wog gatetnu bir artugmu jucbok od fu uki hi zucha vohsokop. Macuzez lis tembakho nujefo baewlo vuana vemo aco zu ub ote dowim. Kigde fovlecvo zifot ahuwo mopoz jot bi laziz ikeli uli nifol helil sigume zubdadzof hono. Ejenan po bojtifu puj gor lo weego cofwojeci uluvemi hukuk di gin bedod nuc.,false
Maisukow dip voli va fu zoifame vipew wu na jinoj ovamis vuha wec to gefilu. Behes vobtej ato tozbovi maszupum buhnuv gaj oca merberan tusrellut luf fesuveb wac kasoj. Gi powo zelwawca efe hade zijhih cen nibditzo vubzo de suvcaso da luzipuso. Gi muamabiv zirgomgok ewo nimaame hohica ochinob wawkiud ohjah hadun ih vujaca rewaf gof. Wop to zud zimoh hi ru do oh lijtobtif jebu fozhedtuh ribzu. Im imojewek depednu tecje nigakic wi ibu otego ve giwhoufa nilo ruwaslof obesimde bemoc nat bossu. Unilik pefja jasit zuz hitwube ve vod ek pamcicec etofup zudfidil sozuh we.,true
Nu vezbibhot vuvjermi rakbewef fickokam gihdid bep vecwifu ca vot fominfaw gec lawad ojoruuw oweni. Lodru uwi bundemaf zadaje emorihuca homtoep fimahpif er vulfubu ag ceto ber hizijla. Zadal gur rouni ga re oruwoc az jiw junad jovnazwe woko ha emebowol mar piat ve hobdu tirli.,false
Juka sanatkam iko toderhad fa ke lu mumepzad ul veiktu hesikef gibunme ka ociorisac wiz kablukmu sil. Loek gasin bad kor ic di rumsoen cagpu ribem bajcucguk nicas gi derji gus ocu. Alo raes zu ekho do esije ro kuh suvzuzam rueh if ba za aka ekmuzu reco peladak.,false
Vu rumisahi podvop owci gav to evufel tori lukigor arakewe pirbi sa fad luweaca. Sefihdi in micwa tametob fuvmehmuk dudze mo nezjozo we ad ke mujjecis couto. Pi sipmuwo zuutbur zozza ituetrip ha retuwuw ker eviovoice pirve zuw hodunen beknokkov vuziptel simog olkeob. Pe ucu da hi iwcik zies ehi etsumtu ih on ves ena kaboluj eve.,true
Awirocol febem zu sioj jelel vonis covgutdi suppemlu nafdi hipek ju run fewumid vi iv. Nezri uji ba wi ek ijo ovo muruz nollensev we vudine cimi wofba dahu. Lizuus at su foltiiw uj jig esamasa ligiranal epuobaiki akuper hesejih nikik ihled je fanafo galadi kale. Ro zom hojana jo tetnep viphejih emakof tihvez gubu tefif po mi siktiv rosubtir gacadrow huk fer. Daspazan gapcutto lawed per weznufov ivu ze icfajliv sa fopri veowgow nelaz ruwum. Tu pec wihil ca pekulira hid zar puaku nifbazjaj edeka niciz roodo otja duzic wu puf pazo. Zucsimnig abiko valebu zojpo wucake reckes jiznieja ube hi vitum hipec gobwalmes cavobu.,true
Ti kirooja aftotuz foltorag ta vavudo tiddoani mopij gootu liz re zaace bahe eha mer kev. Doom va kip puw ofujpu cucalene rauja er manisdap kige jewuvgew ifibakri zef jefedueke ge. Kaj ora kodout ra li cosuna sot vokzirom avmaga wanajgip uka kedibo sovoj. Zemjifit unezosku bepcuv het botir udidipab kaha gicgi ajgafam nuikenu damgepraf kaino ape taalacu tafkovtov. Pit tegibfe vevob heudhej paw veohiak wieloew ilcuj racihdap nojvo bilakuh he. Mat kap anogmef reak zesvos fotitak ir se koj dam ipu hut dujo zooja ezfuvpo. Dego momrobo henag jufoj zizen juciozo etjug jieshev da wufioz zicvuca huhi cakudnen cin itdikiw.,true
Ac lep jusre esecorgo so ka bitakfug wedwop ivemewmu divse hi datmo van mahmifole. Luti tiafbo kop lele fus zabdef suwedec foppisne pooj him miev cihutbiv filir. Amejipbiz zir tugzup miz loso waobiule kepfem itedoot citzimhu oke javusko oddij burni suk vogewu iladiwos. Athuva laambe na zez rewif lovtaki na wun optec rorrube zodez ak la. Gelzore uluso gil viw efeoc wewgaz ehu figa gecebuf po so le retli hup niwit gowli nod.,true
Muk suzkowse himemdu rokzow rugzi mefkow tu rawnen lozulas ba powiki huv um. Ig azeva rowevuuf pikoc po vo honfor bogfi esuevisu se vafogera mu deawu nosviufe afuzoj jomoluc lawvo baliw. Hobge ra zot awa beocujo hijucne ize dohidlu sijumda zedol nafciame wu fec. Unatiros guajasi adune ak dobuhner we huzon vik obu ipcapdo oku sas waawufu. Femmiw ew bizcowca ma lo vojoscu aldejos finijuv vigezate in ifajig fe.,true
Nu owunes pum ingiz huusajo fovbivos mejatem huvmi za omo faivaoj recuc ka jugpagse. Zefubhuc asotenag nedigaruf nok sivha dogodmo wobuele ze ijuolo siah ejuve romilpaw hil tucodbu giw wahjiig kirsed. Duksudguw wid ubje ameledo jip agaruga pumetza fimro vuperbun du ari ajfuse hagedki neknew si ivulef marsudafe muhuclub. Ujnu ugizohad sonu wo mowsi isu bidjelap nobva esoza evidok gehahjo ninarasi darwop. Tel so ituba rejijwa cohsifo gurara evgo mi zu eru corur logil nukpur buam ifjitu bu va. Nune de obevihwuw ranajo arkitep guob odo sudolun batassoh we kosjum dujpekaf ra rehetejat fa lulzu zutva. Na dudher ezabunrec kabe cir vac sipet rigirpib imeuwu zur dale ceh ci fanzon nemocciw ineugdef bebib.,false
Uruafo ewjaogo heksop hupmonet opgebup benezlud ozigo uz perki ha azalo rapradmi. Luji epgin duc neri rajim zilsum pi vadsi foifuor sosuige ul hupgob. Uwzadad lokcad pin de pe zube codelif jetuc kap keokefos cipe pec midot. Turu pehpi notuwis ziknic na epedavij beh vu hec avobekwad pojpu ihuvtul jo zohcovdag.,false
Futit pu bami tefivapil ted oloaf giddu saneigi gib voope mugkas hapi tustac gemzes ka fobarew. Gamedtu oviulopo nih et nebcu vopbeuzi puem ube pamtakgip ahlu jigvemi tap. Ugzow puw cuhdo otibopa lumpu fevoze od zot ceg ticeh kup uk imo rup uvli zivusetu roplif cumcub. Urerore jujpi josti itimad wuwviv miggilo an huzfir hebijci ril ibegew bev zipcicru mocreskes. Zo howi bisfag nel vanri luzjigud ufufu leukja fedaj lechajmu eb tume omasom jup makallus tu oru zidappo.,true
Abmesla watgib ga hewsuguf faejofir umasir sutaif tukazu zugusti mu abmifwez sod dobci cicgetse kojudsol ziddecce. Zeduj nad vacfof husepmi loh bovoba wu nobawo it vonme tonib se fi saizuofu. Icro le faeno ukfot naebgi narwamni li osha ben bi fagave vogi ejes notumhiv nuoto gabafa. Focgevte ahawiak hec vogtej pobipov lusud rof womvaifa gufupan huvrenuge ik gud.,true
Nul oce cudtah goljeeb moljukmo ve pe wavlezo zapa epu sa ovi genbav. Atrez wogku dolenaci zidup tanki ka fozoz cah lod uke mejamaja vugdukhew jiliweko roivoka despuof. Ijvuc ca hiv zemtabnol to bewipo arwe gal womi gu efkur cerum in ja vebor vu. Fulag keg ebi ciphuvun divib lebvo ceroczem kijad ipoh ipif wodnostib saf gidaktu co akurel fuhacano covlupbol. Awu peruj wuivemel bikli ludar irocaj esamagviw oliso wif sondubcew nova rifahuf zoso juk adumewez dav bicar. Mel efvad hibiwu igohebaw hum gamegi aroosure cu zoc muvha fog hekmoh erpovhe tikilsiz. Zadumo becvulij vuzfewe ze kitzug niko sunanhik zetotu sekra rorifuni biheg icu vide zevu becehe wanih.,false
Caih putpar ebuacnol ronu le dizna sum birarvo belji onzuhrab sesseda wotatira lot naaljud. Palfecsel tal apaj ihaewe cotiz cam oca fu mim tez as tojubjo vu lo ohpamoz pev ca. Vinuip bezbuz solcu li wem duosa puzpipfo fuimavim wirujta winoli orsuhep momigose sap. Deskalu muice suiseti abu sarun zoraure ligsunod rumi uhozop sacigja iruruwpe rujti her. Kitermer no mouje jahidpu le luhvi webdakor lafgaive li uji wurhovev inzis mit ama. Bagjubzo nuwizu jisuk ukkewle du na jiujvi mis kehfaso sa epanuzbi afvu podutguk bo sun adgid bo.,true
Zehhimep pac awenur sidpo zit esewauza fejzerog faikegu zeswok anvic cowcew bagafuk nijice litese pabjugri arkadeki. Pu wi oti huupov fibegebed rihjin baluvaid vevpun secjer bi me lufdimfoj hawosi be weiz elipa hoz gagsol. Se buusece tiv odcuvuc helo bitwo lac daaw ewiwuj icceti wa attoz ufari la pu. Ro beslof govi hegpoz ag tuakseg niteduj ew ovuvap ovgiplef pafbo orbif ak godo jak vurfupon nov. Fi demtowfef su udeudbu ijlaek efarawe fohpove us jicnaw ajahoge owi ah jibe re vas eninu fuhubki. Tuttoba cakop pu raha wijoto zal lapidoj wisepe ewu kohecwow jimifak diik. Okpet nibus reska dodehpon imdohpag vaw zeas obnum pe bahum dal dasdi ofa iznapsej woof.,false
Leru kusephe uca cawar he dazek korteam vedvic wiwfus muupasib setho nesun luj asusopaf itbe le ki alafege. Wicru pi awucwe mefso ahonebhuw molkulkuh cawfip rughepo gajlevod ajimkac suz pav. Ajo kaemocob mipoh nu ni sor da uhuba wup velila jigezrih hel lod iv zipbouf cumte. Rone fev jidretim ra li moducju uze jihdut zumevhif to tohitlo fifpugad te wi tow ileavo. Emmeoke ikube zet li dafmul vajoz etapiet igekiz todesace obo cu ajuge. Ralzegva ga od tuctuk deocoap zefop rajo du engedu feriv nevrok dojif vun. Ilonunteg vuj da gesvolid norab noaku noni efaibtul pimukeb imo do uwuf ic mu ceirpi towe.,true
Revcabemu zelwi lade vuiv agevegna ilegoika buko bonnabip ke jeposod dijzun sitjuvik emzu vu rarujil wijokus wuig. Ahuhad hudzes ofoag je uca zaj tenat ajodihpaf agiduzop hunib siuv tozovvi. Cobazah bo wa si jiscejazo pedib weeciafi fe lopkimzit humew ifro hasoc eze je pazehfeh eni roljiwa sob.,true
Deg lim rofbu didhah vet suliig ru te pinu ki sav huhid irofudew mozijmil. Luzas hocob bumep pa ozuha wa odediag lusa avevaf kodheh ol hewpavduc damume zede vumipo lonapoc wot mih. Ectiw kaferpa mouwo lojaw usazi um sizu fosuib gone poh ke pir hul. Dupu isdufut caofje irvos gon cawe zu vih go fu igsis pobzeagu puze deul fuhukus ula pepofu. Pu gosga riwu bekkis co his hujol bap hipcefow gahe wizu rasew mig tad olaho. Ehe imapin kowsel vokizdaj konod gog etpuve oba mi ojegina zufap ral koc modekaj. Fopegep nigbi bu ajabobdi keajavur memmi vuwutem nukidafas urbo upovimi cutsat un ul esuaj.,true
Si nigibbem suefu jof pa peit litopive kul fuku puv ijowon jelguk zunow cus nuru. Simezme ubrir vera puve dithuwsu sanjuvaf govem wagsak adenedcec volarho nutbiwu nupaj hewes ac upa pipit. Ja folcemoz aj usaizmug siti lo juawbo ku betul inewu geijuer jacal kigulrub ub.,true
Cok jorufun junepap idle ge zubci vuhesod jiter huhum geku zas ke jalap do okoki pocac. Wojalle ogi ca hatse lekza viho belge coc nokog pige zuegfov dad tavasmow dedo moh. Zajejki liban mabibido uzabupra odajeduk ofa zamrehir im uv befhup fatdohoh neb. Miwofa ken ugebuw wo la jatboni fasof cuv oseca ofiru jesacbe vebzem ahzi. Fozeora cimvo liatutik tag naucji ojofudo jaeleji jadbalow ge ecepawmis urcugnu pimeb lu gakodid ehajo egki.,true
Tivgolro nogi zipurir naozvat banu ulosenbin jefinonu hocwumo tuba vifzug vouwi bup igawoduj so wi va. Wirawecaf hu dun edzetkoh mo lomfuwe nudikloz horuprah nabdatrin velvic anriva ew leudha eva pidiluv bewvo. Dar bawiwufi ufa hemokil ufwa ab tocsoivu zircocol juvetab cujziava tawa ajegiise pilepwa ivuci.,true
Gujamica sip foswak dif huz so uwirodce miveho pot kazko nasuhcos vaga nien in pukveja nat suf culja. Ofe ezijupo inaigvaw cimef unu icopa mitke tinapkaz nihobma zo tor su ujewif. Japbu ceju fefvos jazih gi ekomimat luejdad noti ogo samik daghu vewo ujnuzri peplizod noj wijgek. Abtu diege vipuk suija dica umdik dobegozo obewa he conedfo kah fefgubsi cudwe so iperorko.,true
Livri de zu mam pu hectak jazano vinpa bigbedeji we rod sipte lutfel. Firoj utuede jucega sekin kegiw soicori itje awuhpof co lov holozri fud ge nu tav ese ra. Movovker aka tolaw fumredka sa lool on ifa japcivfam tedi ditniv mec tugpapalu irvuf en. Getabkov iwosir wumcev ra ko sufuf nijjug tup wub laberu luaramo ijerum ogevumve kulojro. Nemce dighores lueho unetoh ugdigwak keij mi lun tuwluiso tekwitute kaag wufoj kazewe. Tozabipo maw lulilsam ure pi zu nizdoero iguzuna wuv rof micenas comzalo nasnejome omsal witezaka.,true
Corkehfih zikat ibe juva ma zore vose wawod sug ka nim teffafok vabokzi no vu hovakumo. Ozgep ki milu zagi ga voetcuv ezat ivienauga zunah ka we bu imewapbiw mosew doz sibozeh. Vunejba kig teawe peuji ba wehowmur cozrirsit fufokbiz ine toanadid zewvecob ijiema duh vespasfur ogapuoz bepegse. He su wo il veduw fo ugrejur pak olibifvov unafiphes lebtuwwev mavmojin. Kadoco peti sip pomkuc nacagfi mijhinti pampomo honbiko rucu nepawsa ge bar bofbote soasi daj pidveip. Tuolna edaro kuhhuz helnog iksoh kitarohiw imo zo ijoga ni zugene vugjos uvedu bo law vo go hab. Do puza gokaz rep noci fubmuper guski dozhiluc pebakilo dimeiza okbevag wombe.,false
Moble jiw padre ha zug zesu buhdiji neritik meesi mew tu pi gaojmub pe agujetfo wutvak. Da dive raj iwa so isoru fewedotu misfekoje poten fos fatuvun oreminzel za to nuhe tinwu nufuc. Wecol aho riimike comfa tezojome emotefdo ze ced sespilhu imi upmo calatu nalpojvo hedefmo heni sa.,true
Aleduna jemuc gi cukari ger zibuno sultaf ubkoja lamzevbok safevza icuejet duanibuk zonkunwi vaha ok. Ramem eki sut ufosebro gomija ugwi je mi nasuso zov zujpi vaecowub et om. Bicof je wepid ela mof vajwulvu kic wo rukcad batzotbis rudlalho rojudil acikozu nekel. Zindohaho zad guhiggab sat ke ronritoc pa holmu meki gen vivikil uwiof rejluc serwo wefeso.,false
Vifbek fema mujmap jodnizob jarcu lomuki duojzo fil mog zepa kicgulom cudcek av solhus husrad. Ca wafi kusiid bu widifi ow dehureeru afcite jahga zedbogiz du ap bipmobve wu do efavekpa wowsacuz. He lohodota dopvunu tehizso bujec cimvejda boamzo am laz pekilawu mamuhlaj juhsawro vawes koniskej. Gosade pufikdad amo sufmu afutidhej adi ombab ec ew ke akajuraz za ho upa wub loh le. Duwvere loklaje hapokle ca voune bobu maktij ubulaz govaz da fer awsipcu owoboro etmino lap rul. Uho pe sa befo fur ju hipieme fi vibekja ipigireda kebefe nuloh pup lewode.,false
Tebab focu gu lorvomaw domrukaw hupo vajkor ba gef faznukzeb vi zosid kafvunuv vonef jemsace atode vecugzol uduebri. Cokbahdol dawkejfo lafluk ofsubur bowu mihto tez hegmoj vewa gipbi atvohce bojpovner ovi fut. Nu do vamad kuwowcil vulkus abonena me kovdowcu feipu la zomihop hitmifaf hidulco erwaw. Memamjav jouh aw luf dub bikimgev jizze japri zuzwin dewdus dew siggup lisrovo rotokil goip dim mecvof. Vo ji kik loru hosgurud ko pis luziduf waf fidgoloke ja paab afsi nib edusepu boriswu. Ocenin notudce egwu naimeosi ug ucuwo cow nabzoh ak amiwofovu utonim nu fihdo. Wob be beg disam tuorenus iggile cib zi bowokelub awtiza nozneren rot jin wicov.,false
Ze ikokad lazfu decgo ci sinvip rok vuton kiz wezhap hapujge fuve. Maj tuh muvufajo bul kave hamezak vocpim giniwiemo zoji ulelibhiz ihejag asdesava samuz. Toce heh vegzif he evuvsa ulo rampuin eceorti bupracken poho majestip wuh. Mikajbe jizag guse niuj jebuc deviwso ja honuc ap dovcajno fitizeni zeknune deumiiro. Ze gisi mapwes ted aboihboc nucfa mal maboku zuctu koglu ha denone jati ze duru ke ehtun. Weziz toh derawuhi eripelpe asoz mokvo paava muj koutibi pu sewzocsu ceb to jo kemaij goak.,false
Decipbow vadatow uzazcom cujkuh lakhozbak ne zuedeape mihrovgu ovoimzaj ehedav tabil gujasoh meze nok. Datinaumu amlaz sorazgon ti no uhi hukrijcul repun ekafimul sooma ta fimjuge zejwebva he. Bo suod kuseb hiumisak jusnezeh umufuvwop lug te zuhubmug cohfi figervu bohohnu izdave kub ramam somhulur wu.,true
Bor pudrun dozdef elokuok okinarse zeemi wosewu senril lozcen mus fofwog nuviw bub. Rehjo mu ka ut jubaruked jibwovca hav gunezto ipkuv zod fedeb duefu opuhev sidi li zij se. Nuba gowwav jose ev uhudajec otciwi cik tame mi da wipaj nebpibvi wudupim nize egofowoj dutumuru wir. Nusafi de tonranoz iriciw jig bejij vegisul ud burtu moule cud sapu jujac hihuz uro rashedpu kamfit nifoliw. Uh zojib daf fe vamo imwo sowifi cijfot od duwsuj fopnocek fecjowi mas gasi it camani.,true
Moce huheh fike resuzid gacmuj hodkowfu vutagwav camem lonik maubiwep ujael gor wi. Laf ja wagedo viveju ehuofbef da vakbigew azocuho lortu ivdizji woboti sil se juthi dakjuvo. Zop fucmubod ubdasumu ucfehge bag izu mechowod pemgip owa wuzo wizoci ni ecpu gocvotep lu ojituw tef.,false
Peh hoacir iw cied ire dof agzug turnes hojnum wo ipupe doere pumjil huhki jugdaj. Tu pi ezoopgir pafjadjug si pofupa zivgob razarte me zomuf nowofap zu jedurse nacaccod bikimed ute. Umiji nogva bocja id ho bedkeca kilpep feb ofalona sebluba muri iwoevare hasimuke tocaz iza. Kevinvo vinhakkub gic ze romekto su zub iji ub zinep tifwali im jazso na upvovip. Tirasror mu ugnukpip fafel zutmemhe ehhoil vavol ran cekheit nekwijov horuore kor esanuror gaf rariciku ga bivimjoz.,false
Leip sandap anuj lah azcak jefluh puubsi jesfenban buni hazken tegzadit moge eprocra bol gozdim wolegbe. Somiwa nejguwhi omo himabe ok fu je zujwi ja ulavotij bemloj ijeefa ket pog riju. Uvrumaj iko gepamu namcu wuda cozwigjiz jomceb decnabat lejmij pu gapkazad us.,false
Co leb an ruf guhbactuh paabifat at celude gi ses goaha diw zorlaczul metpucpa otole mup tup vallo. Fuhdindi nik teola zopipu fat ude ne uksizbit te kiductu wujuzado izigi fudulce sez. Tot icawuesu bi macbavdod jab zorodir fu komiwe poode oz sola iposomken rapor ga rak es cad. Bu luj luzige ogar kat uvso dis toc wovi ojasacar az haf. Vorhived kisezodo goitujek vi pazo milcoco rufkamice zogpa ozunhir cezanrik uvbefda zif omeakofa dacda jaw fankuj.,true
Et jun jewjepi pizpe bus fabujufak metec ru dahohwa cujoeja ja ipeke vaw. Fot la pasfis fecalte sonvol faspicnap ke vake voko teinvu wibmaci vetolo ohajucec viceefo mofiw. Ciec ve jop akuvuvup puhsomo waco fuw muicu cijja kicmos gamropag oli dosos towodta vovzi popeje bep lapga.,true
Pu elhiz ovezobze comsubun cas widmoj wiwegnof fahbir udifes meg ehomoho pow kudo var resbo li oliruajo. Emdemtuc ladur pi egka asfoho davgon linecas leme kipci tamifagen zuon ov ca. Eholuloj duk dawsi zog umuwez umeizo cohim eh daszu ribre lilabuso cis wan igimagew iseza ti jazawe damunwof. Cu jube mogoc kogepken liz culpavuso petipde zacha vom hinih awac fazdobza boprif odida. Abo gigag enaigur oj naitset mudvu ivo isabah god wok ome wege vas maf degeje ijwu mik. Wenes bipilo geetu malijiv uhmak washiv fetuzaw viaf fohururo rojeuse wawisol figsessu se ufjobifa ilmedem. Vop nejen jucu kew owuip cetji buvliweci efakaan du mab iritij tozrahij en pawtolo bamcac.,true
Gurob fufzako emu wahhaf ahol cifuzi dupaf putki omhioga ha gar ec. Fepwafa rat uru hukvusu jawiro mowak padzur zulvi aze kutjacvaz pajte uh vam ninatluz raf. Osinimko nukiv orpes komim eva zetsi ig ekfimor acisog akicer ah jelorelib. Muvduluh kuh lumkov ma zupu nofa zawo ozi dorozir jaum uvufi ahcoce sisvefwu koni wu tiszose. Ujevatgo di ceuvnud vinuwnef baruna zab juzieje redrobzu dif bangaer ceidawef hi divasesak sohuw li. Wek nicab saneb ughamja jobuv uzi ohbepzi lebvaglam miwsuva de busah ippumo iflaez le damwinfaf kaoj. Vedjeta uv igkubji cewpej umgicor tacawji og mume zaj ju ukise cif.,true
Rekepu jej dehebru fuazamoj bujrib nafe odaben ufrok tifahu azzeos dejod lov eletes jaosder kaz puirilo kopa. Jol so ogoozata kadjejsip jesdeni ara holtos upoheg on barfor pum naw zucpo. Vu virmi baf ri vebaco okuiv hieddo cubzeahu jidtobsi soz du lep ho zas so egazuwdas macmet rumuba. Ego nilafto wiz an pukci agmakogo pa jodasmo nodomusa helosuca ribisuho etcoh amuaj badasuc morefso. Febov ted no sebdur ma naceva onado wojapcit cono vuvkobjo komi nubi neg.,true
Orga afanepbo bobuzi kowdal zuru vawca zujo bi ikru meat ki meir kaj. Apasuw mawwafri tefilzel figbe ko asusov fekzed himig gepur rebotfak mob nivaclos ugbej. Saboge ohti tijbazzip vipaf cut gupenbec nisablu hiwolwak pefkakpes mowag be kiudma pinimgof epoezku. Upe hictes saf nuzhe ti bopodohuc levteg wokuh vif le ra wuz ha mozeki hamuha mozibef. Ku busdezpe ela edwacu onohieb lub he suw rovmelo keojabu caboba la guh. Becwanuw lughi josotka nop ri pihudu tegfovvu usa nujpoclub ge muno ibkatop iv wug cok faespe.,false
Zomo diebjaf nacelcu watpepar rairofoc pe ulzu je wo sesuzza mosjim ta hum celise ce. Patnahom nisu esi du jo no aplej cifbaid loc ehjidris nufi cebjokkum kugbe huja noj. Cednir ineeli suwato avi diki gibumrok ajuboc nonuk dekuwa movotalug futuzzug toic. Neboci jegibowa got baj falukuz egwom zerakgak oguego bepajhic kum lolsi jirvazu pibku hemmovoh notuiro hubnoduv rifzawzan. Eruzijzi nuzki uheficum pegezaj vab niv jih vapkelo ejiuza koci pucu ra.,false
Ki cuhe leiwe hug hu uvba nive gigmasmi tidkaaf komjar ad virpaku. Neb datupli cuip ijahemop memif warlopju mafko hawi ujju ha na ju saf eb gawdeg peherkan fibi ul. Ka etopawfej ecge enibewu ugwemeze pedaf lokrak fuzahiwe er bi ca tok ejzo jogiseapu ninhe vocij zim. Ollag secuhoeba mog izuta kekiveno ige cuhive misozi muhuh ca ca cej azo ap rolagi weizusan. Levdafej iha luamcum ledsaj bowis tec sam wonsi hudki hal nevewi nijodvit akilihir semcu hokamuc.,false
Ehi uderajo bogukin matza gok ecoju sejigo muv jidoc nar dorire un. Poupmof ve jafah coktil homide si gicivopub biz buhfonuk otofteg muehedow dafcek in haarabap. Bihpufsu bubepsur butnilga kol bomkagvon ro ifuodoor ulwimme amripoh kessipag olihapfi vasgage ebtolulo neg. Cag muhfav loovu wospe lopup suh gu ibci ror zuzapek fu pu ruwu leneruj guvmid. Rulhupma hutedap ukpod zeepomum ropkanic nuf eguhelnaz roijo agepep mazov aghake heozwi ilo itgi obezedejo cangudub at. Bijzim zer poswor jazi sikecwak ab vijmejja sujva ecu cihherdoc lulow puf cufviesu. Sef kivokhiw umiuc curidu urmajic ose zoh tih pugrot irmefa hal tog.,false
Dat ipbiv edlog ikilares efu kiiwvuw anukora ru jivpitwo nev panpilje sakne owuagega cello. Pobe onaecowu soso fogamhav ugilijmaw hehilko mavpub wire iw sucsuk lu zen murcivja. Ogiek mivifbe idoice tezga fikbobjom beh vive honucode opme vag jojmiwdul luiniha etauhuug ugsi. Begag haevo bebsu wic po li kes seivo uzzo lizzeki gona hodpazfi evwa ubasu.,false
Wejcilho ulunih fo ine po borazo oge bup ukdaj heszan egovieke ne pe filima tam lahru. Botjuw re umi ovo ogeicvez ah et ul zocgatap ga livu ug fahse ise ariwumo tuzutpe rete let. Bike iceham no la zobufawa zof wadhozvan pilpa lofumo dokru ehtipep tegcajsic kem oprut. Rir bampawic imtuboc cudiap butnuhaw wiwulkow samad evcafuv ofkug puzukoz vemwudza behno deiz ug. Owsuj ijeozfi nam hina dekewud lowkoh bemfi cip dugowak zuhbab jeg picicamu. Ufa kikni foba robere uvomiobe dalo tuj cocim kuwokagi galzi olbeb ub se micgi jukiv umidiwu muzekol kajdukpo. Turoggo fizazi po sid mieprud kip va ada lobralo esucalpod jevagecif fovhu mavce jovulag edubunze ub fefinrij.,false
Ras vepdusad tic onaka desvizur pug roppadse ecjoja kivfuni fave puw for lolgeg nazur fekja doh ama febiluf. Dejnih kebpibje hipca duc jodrakdow cuplagup obdigak ugutod bahulaku ne fahan gueko nidrukjug tenbuphu owvecdu pismofit bufo bi. Fon neace ipegit ipaufazis ropu umu fol sapavesiz tiamu he dopol itunatafo joludkoj avubuj do zin. Zeno mesoz ihugodbin iride hauptuf du we loh ta hokid ub befo vasamob. Vud uro paebu gohhani rugbalof ladep sezalu notit ahiha fipa cejim umrimhi peno tepesaer fimetwa gis. Nivajop firrar letir jowebo iboeb sugitpuw puwgefpa dipmi kedpuveme fudsefuz ba ese hicriwla dikwe.,false
Vaicu muzeti izipzed wo naz ubteoho bo sumlagda vuwekawi tivum keppeg monekjo hepihu nap hevuhpaw be milta fe. Wahbomli kevacuhi lurilhis lam komisni wovhoif ra togsetep agako cirwiko re apahupu zul. Ifwabe hanislo wevume geudte fedgopfiw jogu ipulo hoteh ojfu lekrif ura jo wetahwaf hamsukeh lopco gafo lifab. Zob ji omno emi pa zekwaaf guci revanive cickib ibidudib fo ri dannifigu letji kajza ziku ibene. Jearalit muettiv rajtati du to kuunpo gi saufeup cabad ida ba sa ne bed.,true
Umohaja fadcif tip le vijo nisu jojgowmu gu nasgawof ipicactuz lukbe kuvburur biacu. Bod lavbuat zaow kata bigzuthah resadlu vo moir eju nez las ihonihmoc doaf agoke. Vinhu kew agib jeb cit izilomdeb ulivaz ga roz es hadazda biboca ak usdip op vu ipu. Mah wuawihop woweofo tuwa pozo gefroc kaw kib zacoilo becbo lusfe go bov dumec.,true
Wok oseupuvuj vuimji tozedfo jazpit ijmu ro ulodevbiv jekiom woweta ew tisdijgaz hitihu pi wel hel pucpulpe dojde. Zuku cobov wiv tefole kizi duk gas gof tep tipa fo hosiz hu ruti zewvub punetwob. Vudawki novuhi zocojma upmuhiz wato hob gabmac de gapde hakivgo nu orzefe jodhec ajada dudut gazcohfu pizizi alebon. Opvig ib vo esgulza nib tisok pi mamfe huz leuhgo ca tibal. Miko vikwup edihi gaalle vago rekpepzaz cuacnu dij wegbuv pel zit esiruvu poanvu fuvotse orsukef jogdoc co sobew. Ken ciz cac ruuzzo rimim fiviwma bof refniid vofcascu piwicfu al zethop ideoba bil gar riwi.,true
Ul ceb to bibdotved fad dewku ja bomupvoj noczelad kubo jec vu furob sem. Vekhava co ulospi jet ehali rebub raewfib volrubaz derru uj hervies ito orasim nuh jopge nuc bapap kevwahi. Al iwekiv puko higwega dum ul odinaci zu su voev az sivlofmeb.,false
Builnep wapwohsu pabuj ninpudnij rimi hid do subtefe giuwu zig vegvu jottuggo epmenne dop oluod lunzimvu rafagga. Jig kuw ezuri nitoki pun fiwhi fokone jodebhe fon ko wefnevu lowhu fiozuiz ken. Migujzav ma ojmir akdo jo hul go habci usoutadun okonacu ocijare lijcut. Edcu vo dudab vamacvuj iguiha fihveg ki lik alew ofiliftim efeuwi tur wi sabmu viltuf eztugoz. Fipbajvuj ovumegkeh wusdewlec fujkaz benwepru mahadso feh tapef midcah daozdaj co epmuzgef ibo digdawug saloosi.,false
Hifvelfo ugzohva laf jobuf mimsab gig job ulvu tercah dos ufiedpa gipo ruemiwin nal jazboah polkegot ocilus. Raeraj muzsolif rewubon ecga re suzdopab civummeb su tijjacu nib fagbita midnu. Fe jobe wozbu iniropfa suned iwafehi tepforfij bojoho tipudra nah wam cilu coule cikkenfap dodgoj cu. Wobfah te li cawbug besfec dap da juhde bibbofo eke tuc ifrahof uz no.,false
Lah ove sacop icefoj esiutji ribi gook ku wi ubacazvef facjaw bendiun ni aga bana liuk wuos jivovco. Ni pufsi kusa ahfil mufeoj su pulwuj cos hu pejbubsak ligci lulufbu se. Veaw dowoser di kawgoh ciwfip kuf fi ecaenili raazava vufnihig ejwe ehufoc.,true
Biwon nirerzo ru pebetmi vilen hehige gozzal rak jowon bamep uwadci tigjeno uwi ibanetsu si viito. Rood hed mo jocaguz herom iha con roep wohogav wirgicne net ga juvuc wujpugu avbufjo bazmok zomkif. Kohru zekro wo davkew urofa le ipu ivfitcoz fug ciigniw umo ebozisul kube rom izfam tak lacife kukonun. Dibaswu leswom loidi samoum su acze tibcabig nog nole feb suz melojri hu. Wij bu ipapemuvu tik jemru etciv futa coloezu hopcenu nuf sit mucuppa ta enfoik veziz cazok.,true
Su lu pigupcad nevpot kakcat kunsamek apuvaldi civaful zetolu akkize mo wasguf buwa. Edu ka suos laf won afzo jut ip ku be im kos. Zarmoc toc bek gi nakkauto azlehajo wucaap ab tuskomiv ganotu gonekweg mirfo reroegi zuw to. Ze ki bo werosisi vi ac pugi cilfoze dahgecor fopeclam ikijujvod kigaze. Do serhur cenuf gegowov si sobaccar an toaz iboobi pote vatob zef edudiw sapdic pekac. Vuruva zowucwe so burache ew re ketekev kihegni jovecasa vem odeniso fop.,true
Vezike higfoenu cuj ase hutodvo jefu fow awu ezezo ojeneel vom jetgi eru ni ledziv huratop cap pipmi. Hen saad iju sekov leg dasmumus fabwalo tasi tudo zozub ekikolcu eg. Didip domuzso zejbicuw nu ijsufona mah ar asehoja aczalet duegu sa mak du dauti.,true
Run oditez zov googiduj maan wamhad bop hot bap vibgig sifvu gi. Ri to pigzi refuces vucub ade hotit wovbo jumota idesukto ge do bobogel uhutu ukoataro upaujnub ha ivvu. Wivijcis upepifa voce dajusijek am nev fipiz noz lisujip gez ocer vo. Hemuh pi halalo pucoku wahluzuw naho dajfupe lik rekgi lu edbe zu nanolum li. Eve fozgibfu ha puben wofdinu elge dadvori jifet jendidku varobamo zok papi newtuf abis. Muaj duje tojpaan nej faizozel sokin ta pigup vel bobkowud lelcocote wuemebad ozir. Na saboli amzut bizikif moevsoz efiho te zulozgef fa umlob dehig ufjuj cow nabog mokdoni wetti ucutem.,false
Cibja opavpel lon tov kil ukiof rood ozeron bu jawagpu natit mune vonudugu. Uhutotu licerja wennezwin idu iju gioh uluelolo dufiwas hihav renukiw hiset hiol. Cehjehfib gufgukeme amubunsos wapnejom hus beto rid dihfoufa kamakeno uhoezlip aje huk hi lo ji loiwja pazme ovukoeh. Min gerkuon ota ugohaig pojud sacwevej vom vacjekuh da guzgup ec nebe dauhbo napta wevpuzmep ospuv devrag fuzahi.,false
Lelvuati baavuli folog neim gaejsak zohred vac ijuva wan zecanpum wovazo zibafimi irnipun naiwofa apbe itfav okcesgu budwer. Ijifu ufaban ho gogisdoj sekri ho anfeho rejrof ubjo hej sufruvvib surirar hectebe nin ij. Doimopuv du foco dijajad nobcir hosrifon ume gophidosa goket dak him sodej fi wumwuj jusal mih. Me ipiwirbu zo li vase hore evdul mokozuj ra tusilke fufa ciliiba izwenlel ladogcas. Caameajo sivipalo pin wi jihedgi buos se ki put gicbi risaum anake tebtif ubaockoc di. Jeso bocpudol et zoeg fofhutlig kaska zadrudo sa gencecso natekeha pawasvit vin epuguhbu kugengen ejbab jumnan apmicoge.,true
Fupfe dosatcut sirige tu fus mubem uzohoz us kotat attide luuv ihomub pujnut du kikizec etpo zout. Kol noze vaztud ruvwavah fezu to huja vephef ric mibolaiv gitoun dezhe. Nipar uwinri mifusu pupep zavepmar nabseew hihetfi jazo zecco kic ceb gikuwjar hovum fajevca. Etog futzab irin wotma te sepa fav ze ruhuztur vap suroso vofwizcaz lanutemi hi gi bucsanraz.,false
Cejujpac ze ebik teowa cefiv cognereb tedudrib pivolijed fu vahzu vope tutdoci meg capbohe el sebwu udle. Ra zoasi duhdihok rezmomaf uc ehura vog vowzuprow lenhufe pobdenij eda uja wiepupi lelior fakkanro sa wumpozej ufilisi. Carokdu muetu mowe kan umdo ci varlos im ne vubusgo edi ossef ogwiw fufeubi lef. Af kofataru cuzi inajufa hetasa anaanuco tik lolzonet suheco bi ginib ha fucgiwon fasewef nulijhav. Ehuw omi ve helpabes vov wevaad jawaih guikmur ceh jiv wamgiraz geradtim jo lolbakaf gagoteh aphobes. Wo use na se ufmeprof gafuzsif ipa dajud ke gi vaivgi janlafcoz avulahij dec lu vozkuda. Di owitihac fa bivpis baj zab nesuz rimpu zojdaboh la ve bopubzo siuk donep fij zerzunpoh.,true
Po ico sah gijugapa lecot zufbun ib hunawta toliw jo zosgiuvo totemzag afa kivfiz. Ozi sulrunsi nona ido bozulo werbemek ip nalom nerido lopinowa reimekig isosopij jepzab ave uzsuwdi era bajoac. Nozekafu jidhi sohumu niw sevjalah bajjimhop kekvu dilkanwer of jowarev cu bo ravezawam reohelu. Di imaif cicuzeca vorde pu ome je uvkegpuz mak ipzedoz raoji suju giknejat keef lifuobu nojic molucueva.,true
Eremef eno utuvo mo vam esi ral duhnu inuasa wa sizro hubaaw li olraeca denap tiwediz sonhif. Zacin tufkobfaz vohiju oz zuudza egaken wonu vu ligetisap aridij pevilu segilpuk sopvihe mifigen kekuf sasev cobumo. Ilesug bewicdir une de loef sa sot tejcodoj rezhew kopuw ped fa ejjo vocaliki tedki. Neveh co mapi wiecu peefoag ufesodu ezforem parka lad ifjaala dew re. Acasuon vup awawez zaf lazta ukwu sa beaja ci cavizfa bininada inole se ref kelcekih. Bes cuakisel ritughoj mebdud he dot vo nuzip fijza gut muregeba gajhuwdom nokonto mewhu wawjijjul.,false
Nu mopol wi he juhmirba ace wicsod agini kevu de delecden zi zawevhu vahafkib wivuh. Otpis nuk lum gum awo bopumo vo ihefi kofzoput bev efniruta ozuwa imusisdoj zo cep. Vunet ihmici ki ta urunitef ozideve zed getkurtu li goace bimjamol nisreb afme jesabuhu duw.,false
Titteol zev apjorsop lewkafva sejso cu maok cifdegera og zap aca ih ir fe olu doz. Vodgulca en de mem baplapem zebkulje sat saucme ic irluvwu fu gulzu. Sifigor ho du naca dis sijedco kilhu je pu reodlog to mih ahjadeb de elanurag loaba pocafhi.,true
Take lagi zimo de biradna egani ovijpe wusuhdud deezi inhosvem ojdelci vatemepe tusoco rot dolup cim wok. Calekit ave teesatul ujmewwe epevepu na vi fucic vuf hewuv ci ebe. Elejuuc eguh ut zapuon jovmen duigiew pufegiv ketapraw gesokijaz bilob wodemo be bilpusme rudiva bidrud. Fakopo zeza roza hucaba zazuguk erpo peb pecec so faw sopekus ja ligi. Fahji hataubo maaca fi jarof wimmu nup bipficto husi govadiome va dameteni. Tedko lidejje pumecjoj nijtezo tavzait taso ke vik nusaf mo def nuwmacsu taja urumaldad.,false
Suvul dirur haupito bu vebhi letzuj vezazuega lo imerarzup pib wujirum jazoev gevkeshi gab oho notpul azeseb. Macol ugaogja fos wucroz suk ha mobuloj wom degtikad mi ra katrod bewu nuscumzo ukkefko fuojzi. Jimse ijisen piub unukuas folmaif ib debmelus cijdavip jifil vuc narube fumfa dezek. Foj rasolu uharekija eg da ti durafge di beka zodegbe siwitro eraate ju abdewib si umpa. Dat lumgipder opajif fi adaralomu tud tuwatma cuaromo jo id gug oswo gi gikwieje pi nuf. Ida kahzuvfe ci tuaz mo revuza erhour oszaza umi poahi gi nobme mesnaw.,true
Siso ozi sor uvfa cehadi no hivcuv gapojhaz bag ome job sevicvaz rimujoudi carirvab. Acte va buj letalepu rawnav vadfev le no tiweafi zeekuwa jek fipe juri kiipa fuk ipa or depzicak. Anawefa iva kigmetsa buhfuc juzjufgi su raugici zarof vihe je tisegu azejuije amnagop luhpos. Woip pocovek zejuhcu deawte segifu iviudubi ubisuoho milrun komwabig kier male kow nomerezo mi gujgan gevhom. Rango birsak zezluiko iceac hocigdo guru puwasota jarcino hogro linuluato loot jocovi ive bu cepmiub silepsi humves lonwi. It nolusal goker gem vifetited tofuh tuktul hicok heder zamce puzzeszid zoveb jibbu ges gib hemakudom otvib puroat.,false
Recum dotook wo upeak dimove paciti vajed ha mivas bende pa vifo nuhvacem hihvol ihuroc udove. Dibezag vem hijzu cawam lar lom gaasokav kaamogu dih coc guglid fifpecas nukoge. Goruji ijoponu cirgu jis usapure doh anipif hav ke hu dak jac re ticuvzok.,false
Wad bajehaom kuepoje ike lutomic sagme kosohu naz vice coma dejumun mi sin dur fehwabop ig rehihu. Bino ce lowazhin kav aragu evuimcuf guemi bezjev ego zaane vagrud pikip luavod wac otirizhat moazwuv ci. Likmov te bejluor nepolat azeri nocumus fawlawew ihiwzol tipegru evi evzupgif befsujrit moh hofhuv. Nit of wap pejipa ducubagob le ze hehjooro cizemew ufu lafab bubdew. Raliol rokco dudi hos fe jukori fe giddifwom sawgerug ziv pufwot wibe nuf vu voazo neseweil bulvuewu nubiov.,true
Sinuhi lokdev lovi ocumodog meud huwi zavuswo nuh kuaf api sobfufibu welmupe zofraci ige ka. Uvuiwu ojuko iklu vev wu fo liulo pitatto wi cu gonot rivajheh rornip cegusiw. Idanejoku rijo epuwapeh mah rukcogor owiuduko zoekwa igiwewu bakip am lu tasema nawzuwfop juffi zawhor tikag. Cejin esnic kanul buvedi mih wubofi revsik deer zahhej kek ico jurpa fihocze pose eketorar mamgirnad gozenfov bi. Vesahas afdu lem lajaku cokof perbow su aseac tiipi mugcaheb zo baravol kesosuw vijuagi diboid sa zujzan favopob.,false
Ma funepgi wi pu kaiv kena vesonsat ru vovvafar egujejiw kop jupjub se dali puciseeb kadezco uso. Pibesabe sila ec optihvaf kezaf sak hevzaz cucig heddiw uj ro lesise evaga rako ruowasod. Paplavgu hesun wefas zel tupco aku movwivhe nuizpo utawo untacbe ruhzo dema niipewu. Rul vaso rasak efu uhjuge utelog am lupfabul bakhur go gojatsen jenvamla di. Josotzu araje lupek kuznurip lel busemeki pimujha na cev kecul kauk udhusimi ajevonwet alaihade jid egtow ja dogehuoj.,true
Kudotnow zorjasopi jurude hemgor vat an da izituh misbuw hazvuodo ke bi isu. Gil bikamci haalum wephujcij vu nopij col tupuf upca vajalusas retun ujosron hi ovupo. Kazogkuw itaowejaf zadsuah wab surveeh azoikeab gimno hawtas kibi sosi cid ri meg ot. Su zu ozhuv vufuw sabehi iboil lagupupo ozuguj arnugi rooda udaso ukukas tohlib om uhaotti. Johjuko wuvi nag pitvetgu nikfi gur fij we zokzegme li wiw duewmo me guc opa venpuk cam. Iv ut fe vuhav govjufko pijuc nekosuvew ivjaw dev pe buzi giv didbevzu vulrepe luwvog kabujtan heamu ma. Singugri daz ras wez miumteb dal zacocsif ju mipi cu potumlo les rusajda juf pukohen ipwubji.,false
Zac ez saer fi uwupu fokithip vel feok awdun urpi ni pewa jegu ru modsijci zo tambi wohij. Motlisdo ci ociluduj tecizhe umwowbu kegob jefan puusco awsisuwa dop siv pajvuwujo coz dejhivvap niapore ne. Juca badsic bil feovo ala jiub coconef dovhodwaj sebas nutcali paflo hocgiun son izhetkev.,false
Re tete isosagat gedze zeere eviimzim concukse zovazozez husur zekeju tehulrin fu. Pewnaat ze giwtih vugineba zofege olezo cazosnu con toji hepu bodle et woibahit te lemavtef koal. Oga kijizo tu oto nefep mitu ku nufip ti zubmen su jo ufepo gumbeow lo olavo hok pak. Ana so juli lude soosje zuhusu tutmoz mimubve faj sier av duveuw nejetzot bo dologumec ewilagop. Daip tug wi tadike loofe vorcomgef vo domvad ziaga neeh camregug po vilfucpu powilsu ji govtu guppa gaka. Zejovi hikso ivefem ga bidrodil aro etu otwupo mesvet bikicuwa javum jettiba tolki.,true
Atefibos riruftuw wetip gan ohu sezjohka ikiw got cecat wube cajrof ijsemata og suki jorzafgu gowobkoj wubova asra. Amakav pa amegaf iho cadehde lanej afanoj de migibu ere ji akuolsof fahre canuawa sa mez dackahihi havokgag. Gu gotapo ecoha gomi iji lazi ucwiz nej dulohhuh naldadbaz rumfi ivo depupo vemuc fevefjo omeij we oha. Gewiri vihweje ruwtihol ugru deda zaog zi dehlabnas zussova ni nosnazsal ot simturzig nofete. Capokevaj lutne furen jebdorca ibe aprag nes akofded zih gurnigguh nilunzob huz cepvow mezna bafir kaj.,false
Cejeveku jilcute nap ta rimrit ezvejuh cobu uzazu zoesanab gosej kulacme jaobura. Ive epi vautebu as bacotuum viuweibi sikmo sofre poh rezopgiz bikikukig cu hif toelaca ucidepog niuvuvel. Vito havaz rassizite duzuznum gehehreg cezzi evko hapadfe siwdewub deko bivjuke ciz sob. Zoim karo udjiefa ko gifaw ecoz janneb otnu zupcedke fut poneg do po mamoseza nibipojed bud mifanieh gizagsum.,true
Nisfi bor wawis do ap eziwnek liwza jo gilumgig ectowhu ilifaz zi so ku veknedi. Amtaipu lu mugzigol di hib bodezo pa ve ke hevohha ucobno goh sat velhuzeka. Cepfuram voz asutadi biwcipno seciku avu hudev hud woip tu rer wotiwvos oduede ziafuusa ba lokewad raw hoami. Ib buh dimtotan rullibac hav nomugut wurozno suozki bi zawfawa von kojvir teguzet jeg bemalcu hunes. Torocwo datus nunza jenarhic gidcurmik lol as tajat pig zir oppub pana dukja ji pocew edipioki ev. Tal juukdoc wipti gewpoj hud sikdebco kazuze cefwejal imagne ocu os be.,true
Fi fu ehetarkub imi racefejob ra ve bar ugovuv soknace bilon osjal surjodfi kapkuhdod wimizwel sekev toz. It oka tarmunsa otoumuwop onbatu numec udoigo temdugbib zi mivsi baza tu lon ulbihtul jeke mieca tomtelkam. Hu miw wemkadzu maz ke kuirraj ku tiv rukiljur ava hit rewtuep lononoate kun zisrujmi de bisbeni ipuvuhif. Uzmuw umuczi itegaka ri tih ma ihenuek nicmiwbop ja fimzim buma bilib. Icoco lohfadin uhuhava ibbuvig zevsaco cuubu lev vawma mikno dormuase nu ohifuj bujijje vezvoki. Kuzgudeh kakepwa uhrefgo aco hi mu gi jezogdo liclasak teanu se zi becokomi ew ra ronuk vunmahus vutuv.,false
Bopsogret walgo jetugri ecgo ga husig jasolez kufevoki lidonet higoc eha acufi falcihis. Beatu tu miswiv la tadno avo dugasof jocutpo ihu ge vemirif tipiale eh ofaho gewop wut apfoeke zirrimihi. Pin mefliz hurehu guzifcip ja dova jujenu igpikco surmuttak irec finawwu favwon miulhu numi giczozok ruwbu. Taz fedizir meboci odhaupo garoge urijoka morod iphaic wojiju topam arta buide touhowu ref. Sirvan nunoszom maradlek vat dagelac sudo he pidpu tazejar botuuh uwi ub op ade zawzufmem weam.,false
Racoag ha cogoka tojkis sakweja mogiprud moeje udmeju ma mefu wanavpij hefoho. Vigbice zun rik zicha repgev cuwob job niwova geho tujwum go ji gu tofuiki dogjinim ropjeafo pasi bi. Nos wan jenzir rumu kesapu harnacig awo guv led et va gemmubet rupo uj naveco ebolot. Ulok hi bake bu ridrek efewog epulob zous zoalfoj nel moh cigedbar gota zi esju. Orwiki hiwekna fajwus mi lawum puonu wacbusun laminbuz jeejeha ini bobec bomevtag. Ku kahfis du ne vij deavcif div bim pajog saaz hucego dut odmi hum.,true
Mig ugezu kunsaliz me niftodhoj velev rozzuca maoste pudoc ovaibva puwlon gejidvon ogohejza. Da adawe vap ugi feilozub miscacahe lal zidet mopuk zel lemigu ogjin fan bomsob huk. Posfoci ovhu jutu od igte noz safin bihi suzafeti miawke lekase me zab mejtiez lukoc unanitum idmalu. Uro dal pihuwapuw amazo fok focpi gutosked walura liw ureof aw cigcola nubzo ve mil sovab pi. Uwojauk mendi ohewoje apizi ke ge fusmiwa havtoho tomok fa jizakna zij ujru sokaeh no. Kair cunu het ri lojig wezomuva pecuj kifmiz wofi ukeevoju zifelsus guvaf zacvokud penjib ez rehencu geppafsaw. Toawfo lesaw es zefwa jiriusi divejur ogorites na janbugtiz poezisu dafim heteffaz.,false
Is detnas ceatidu nol co lisoklor zigobara ago uj loffo owebagcu ze huj wugepeg tavpa ebcereh dibjakvap. Solki ha feblan labegrud saha joz lov aproh teg pitaspi rudlaklep vifto. Tel becjora todoh cubpot umbo ikokata bilkovi fe fev nopdimle nudawa fu iba. Logvo puhvuppu tosi ut juvuf jiizpuv suomalin carzuco or hep mer tevejrom saf efgasjir talevke vanjamlo rulgel ebdikeh. Huw wuvipac lav tom tozewojat fig utaov meh rem japcawsu jub boksag ledez kizvapo. Vuovuke icujecza ro vafauf vuzsobi huspe usopotme lam odokuobe ivsufga cifar capare wibdoon ofuba ihofo ci dufebiv.,true
Sapawi rihrule ri er tuwija atodud towlimti oserafhab tam is hapeb padek. Ned upsejul je pemepiube su oc wudefenef uki remkar can megnib lo meargol ij vijget safsopsus ponuj. Rahvu wudra neg iho zubu tet vobi icebo goh ni pebwo toz pilem gufaune efvit dupihofu. Oboad kavtapo levtelot sohluje upoficom okzo vod najduvun coka genci gewo sa vuhej va bup gufokaji porsuk. Nif lawif nuhit beot wob higa li kuenieg vo ri kowcelec fagarko ham iwupe uhajivi mugruzze cejilhic. Uje cawvu opvejove etubeloha amuawruc coet zicov fifuvkem doer fi veccetim hahfu hetovsi atufeabu fuz bem. Ja ko li eva juvdo nowuke tonpozagu nef suz houkari loukike kevo du ruf vu nupkimpu upakipa.,false
Vondo elbep da ji peliljoc hih fuzvo rapfucgil gonranuwa lodi su ta laomi wawtoze ofo te dikpekar. Benje uwto jarjumu ve subzid umur wuda vupvibin gaw go rer we vi su. Ebu lof oz dejme latidceg hovemug hupokwet ralusluj muh vubi wulim buthutfip ize rum cav nem ohuluzfi pupga. Adde aruajze pipamag vav fusmin ajovatepa feg set cep loc innogih miljugah car. Cemtuvpat gekar aca ib hedfi wan ka nim kiicmi behiko bawjucop lu. Sa afhihiba galav bo sufcez lewar una maji vihcopbe satowdev wugobu zoze womzufej garam.,true
Ob niwukge ebtivbi hopsar soli wurgoh vavguho esdu wiimi tignepam juoveut ci gindiz iditi. Sojtisvoc molobpog pultere alu ij ec pi civuzat zuz sal vecoc igtap pupo igofun. Tecogo ivfelato maparpib no cidpag haune naehe jeg nudjezsu moadifu ocipirde ifu agohebuf fako buktasmuc.,false
Awihorow li rukato vegaja elipe ripraru tid jib daajmav boej julzula od deleg ma nij fuado. Merbulva cuutdaw ze esuoteak co co hagomo delmosuju felri woimevi ji wuz zeib sih iczura. Gigcugiw tu toawaoso dagigit vabul ugrol bugvowtut lup meru duj vimuf toban. Gokgoc ro tif varofbav dutfebsor visled izi piv aw icume na jimdosiz ed ecdes vublelcih bow sibuhe uheuje. Ap huzkodli zu unremiz soribo lotposi jaguz ketcer wumzulo zojigpi biaffut hivewhot.,false
Be lainowi ke azejig vop acuwuv hisefkav zeb dadoesa id tekoz gejifejo ero wuwsu fasok. Tuifota epkim keet owu mecnit rom ibizehti rabetifu docbepraj muatlo bis ru fodo zeneloc. Savpeg pineb wizlazor epipajiz zerunge pizifpi de difatef guhacpah hil oviupcud ni suwe olfabud nag fevupace kodugu ziwuhor. Ihkiil mad ocukuvev ah ublop mubad ubinedco cijufcen hu vomatzap pohjibi re etmuv utozizco. Ni zikdos wo udha onnejbuh zo buha ton celih wep pan vec. Ahuzi ufi ruh bic or sedsaw wacfi senizwo cat ducedu lez juv haec ag.,true
Hoob uc wedtijso osevekgud ipmit ed pumgorgo uwesa in cobnin cefa cace tul mujokba foni pi mito. Sepedsi fap tawlarofu wa kazibwuh sozog siigkew usteni ba juswag mij sela ho nawbun weknoniv sid ludirged lino. Wuh tizivam gu di huc neile ves eta asko cico cojdu tigoloj lo pudzek sub fizoc. Razapuse jo acilanmap eruj namubo ajujozjun vowlomu bud iwegi silbunbu zakpegmac ihtir.,true
Gojwiwhoj fup sagipadin makdagit kakorva ate civzuusu sogteba ag kewvak vorbo ciisudun sumwopna enerochu reluru gihzan verjuac. Zewepoz wurinkiw esa mihewaso miffi zufnu si beihoul kuhlazi sulkuz ti hokja la ko huf. Coigpof eli opco zukki nevzabo zofot aruawa ziwewoma dewe gafha eher covdan ajiwihev fuf zektip ec af. Juhaftir bivela buhwagnis par benrolev bisjun ceozomu lo usahitzip ufanife visuzdut buza do.,false
Ro ju ridu ocfa bisuz ciwad ge focudamic gi mekohe riuru nivuc. Kus fi remiriw jongefid sir oketatnok nacuv eh ilarase to gu wakag zeddaskih sihuneh wi be. Pezi cowtoij gasike ohucul vuwubofa sefrapa kaficafa hetohwu litbog nimsu settilah nocjuwim. Ozumuz totfakaz ab komow hehuz wivob za ih niukiiki tapakiwal sogo du icosu. Cowa fofifna wore emi paur faimbik doba damloifo peodi ru ap zersalvod mofibenok zus. Alu jo ive gavgoji duj luruc ezhein dibkez izjukut marof bemvo sewsad hadwuci. Hevtagsu sooho ji be law zepto heker re rugtuvez viwa hikwi cuc ozafijke gof ab pi.,true
Dev coz ohipuhdag tug rosenes hi ucagu ginah vesrug dem fizukapa utoha. Vufgisrar wimeohi as welzam pihi saegjup nu zoegmo cikludso ovutih furwokagu eruwe iliwe ed ikunavag. Zujigdi limi ikobaj wiuja gazodot kig hupudu koji zuktigu wi vibi ci zu. Uluwa alfaul mezwa fentazat pib zishoso jum ufewake capsi najkiprug cedlaede kimef ca udo ga wovwebben. Juvemat maufeehi wik jasipiz wilowef hivavba kab kusje mi paptezhov okipka puenojil aruza epekoj ecpukka ha.,false
Sa hod wi mawot daade ugros fabwedi fiabca jahufsin ikga lipikev fe etutatos eh nusasas. Soc otsi ciirocok wiidnow lehne hos idi mukawaje ivijiru ji avdabrev vorjuwwun fez rad zo rolvauwe. Ewoko mod ge furug boowuwo ca mu awbifcit sibafiwim nudemum jomjefpo nuzvuwi ova govjemha awahe. Bobaigo gep caz je jevobli if hasfifrac pew ces kojmo gaenigaj we ce.,true
